run_id,selfcal_dir,selfcal_name,label,scan_tag,start_integration,n_integrations,cycle,cycle_index,requested_niter,iterdone,nmajordone,stopcode,stack_elapsed_s,cycle_elapsed_s,tclean_elapsed_s,gaincal_elapsed_s,applycal_elapsed_s,export_elapsed_s,peak_jy_per_beam,residual_peak_jy_per_beam,model_sum_jy,dr_peak_over_residual,nminor_cycles_total,nmajor_cycles_used
20260519_135646_p61377_r22611,/Users/raj030/DATA/gmrt_40_014/work/casa_selfcal/3c468.1_scan05_stk1,3c468.1_scan05_stk1,3c468p1_int0130,scan05,130,1,sc1,1.0,300.0,300.0,10.0,1.0,100.19866408300004,2.829154541992466,2.4988304160069674,0.12806204101070762,0.058529250003630295,0.03216558299027383,18.687999725341797,0.23274242877960205,24.459141036495566,80.29476973035544,300.0,10.0
20260519_135646_p61377_r22611,/Users/raj030/DATA/gmrt_40_014/work/casa_selfcal/3c468.1_scan05_stk1,3c468.1_scan05_stk1,3c468p1_int0130,scan05,130,1,sc2,2.0,1000.0,1000.0,24.0,1.0,100.19866408300004,6.053236916006426,5.769964999999502,0.10896774999855552,0.050981791006051935,0.021489749997272156,18.560129165649414,0.11786042898893356,24.34905342385173,157.4754930460342,1000.0,24.0
20260519_135646_p61377_r22611,/Users/raj030/DATA/gmrt_40_014/work/casa_selfcal/3c468.1_scan05_stk1,3c468.1_scan05_stk1,3c468p1_int0130,scan05,130,1,sc3,3.0,2000.0,2000.0,44.0,1.0,100.19866408300004,10.734944791998714,10.447554500002298,0.10745679200044833,0.05165804200805724,0.020611750005627982,18.528348922729492,0.07689633220434189,22.131288833916187,240.95231061857206,2000.0,44.0
20260519_135646_p61377_r22611,/Users/raj030/DATA/gmrt_40_014/work/casa_selfcal/3c468.1_scan05_stk1,3c468.1_scan05_stk1,3c468p1_int0130,scan05,130,1,sc4,4.0,6000.0,6000.0,124.0,1.0,100.19866408300004,30.780674207999255,30.46825637499569,0.12312312499852851,0.05914883301011287,0.023581792003824376,18.494873046875,0.032318729907274246,18.203615071019158,572.2648476576489,6000.0,124.0
20260519_135646_p61377_r22611,/Users/raj030/DATA/gmrt_40_014/work/casa_selfcal/3c468.1_scan05_stk1,3c468.1_scan05_stk1,3c468p1_int0130,scan05,130,1,final,5.0,10000.0,10000.0,204.0,1.0,100.19866408300004,49.68214750000334,49.5592677090026,nan,nan,0.02077162500063423,18.503202438354492,0.02091139741241932,16.732660508714616,884.8381613830076,10000.0,204.0
20260519_135646_p61377_r22611,/Users/raj030/DATA/gmrt_40_014/work/casa_selfcal/3c468.1_scan05_stk1,3c468.1_scan05_stk1,3c468p1_int0131,scan05,131,1,sc1,1.0,300.0,300.0,10.0,1.0,102.61078274999454,2.909391624998534,2.599065040994901,0.11927083299087826,0.055667874999926426,0.020741667001857422,18.722103118896484,0.2225159853696823,24.054638689383864,84.13823882267184,300.0,10.0
20260519_135646_p61377_r22611,/Users/raj030/DATA/gmrt_40_014/work/casa_selfcal/3c468.1_scan05_stk1,3c468.1_scan05_stk1,3c468p1_int0131,scan05,131,1,sc2,2.0,1000.0,1000.0,24.0,1.0,102.61078274999454,6.28265945900057,5.994024458006606,0.11144458400667645,0.051586249988758937,0.021573625010205433,18.632875442504883,0.11584668606519699,24.662234235554934,160.84081535158066,1000.0,24.0
20260519_135646_p61377_r22611,/Users/raj030/DATA/gmrt_40_014/work/casa_selfcal/3c468.1_scan05_stk1,3c468.1_scan05_stk1,3c468p1_int0131,scan05,131,1,sc3,3.0,2000.0,2000.0,44.0,1.0,102.61078274999454,11.516135875004693,11.200647332996596,0.11847791699983645,0.05460858400329016,0.022073833009926602,18.565879821777344,0.07261345535516739,23.168137582484633,255.6809854450225,2000.0,44.0
20260519_135646_p61377_r22611,/Users/raj030/DATA/gmrt_40_014/work/casa_selfcal/3c468.1_scan05_stk1,3c468.1_scan05_stk1,3c468p1_int0131,scan05,131,1,sc4,4.0,6000.0,6000.0,124.0,1.0,102.61078274999454,30.913450041000033,30.590778416008106,0.12329016700095963,0.06009841700142715,0.024739833010244183,18.540128707885742,0.027766697108745575,19.92862909520045,667.7109861239574,6000.0,124.0
20260519_135646_p61377_r22611,/Users/raj030/DATA/gmrt_40_014/work/casa_selfcal/3c468.1_scan05_stk1,3c468.1_scan05_stk1,3c468p1_int0131,scan05,131,1,final,5.0,10000.0,10000.0,204.0,1.0,102.61078274999454,50.86193254200043,50.73392925001099,nan,nan,0.01743883300514426,18.541860580444336,0.01726602017879486,19.130305397324264,1073.8931374131248,10000.0,204.0
20260519_135646_p61377_r22611,/Users/raj030/DATA/gmrt_40_014/work/casa_selfcal/3c468.1_scan05_stk1,3c468.1_scan05_stk1,3c468p1_int0132,scan05,132,1,sc1,1.0,300.0,300.0,10.0,1.0,103.34753379199537,2.8838189170055557,2.5714083750062855,0.11755650000122841,0.0562079170049401,0.02687254099873826,18.7442569732666,0.20718958973884583,23.16640332341194,90.46910608246769,300.0,10.0
20260519_135646_p61377_r22611,/Users/raj030/DATA/gmrt_40_014/work/casa_selfcal/3c468.1_scan05_stk1,3c468.1_scan05_stk1,3c468p1_int0132,scan05,132,1,sc2,2.0,1000.0,1000.0,24.0,1.0,103.34753379199537,6.424608291999903,6.113590875000227,0.12488337499962654,0.05298758301069029,0.022006667000823654,18.66360855102539,0.11274150013923645,23.83177380170673,165.54337602369773,1000.0,24.0
20260519_135646_p61377_r22611,/Users/raj030/DATA/gmrt_40_014/work/casa_selfcal/3c468.1_scan05_stk1,3c468.1_scan05_stk1,3c468p1_int0132,scan05,132,1,sc3,3.0,2000.0,2000.0,44.0,1.0,103.34753379199537,11.31214666699816,10.987910666997777,0.1323978750006063,0.05666687499615364,0.0225669579958776,18.60870361328125,0.07373511046171188,24.172234307508916,252.37235689697803,2000.0,44.0
20260519_135646_p61377_r22611,/Users/raj030/DATA/gmrt_40_014/work/casa_selfcal/3c468.1_scan05_stk1,3c468.1_scan05_stk1,3c468p1_int0132,scan05,132,1,sc4,4.0,6000.0,6000.0,124.0,1.0,103.34753379199537,31.2929079579917,30.981729542007088,0.12001041699841153,0.060521958002937026,0.020577250004862435,18.5853328704834,0.031934112310409546,23.63838721322827,581.9899638927852,6000.0,124.0
20260519_135646_p61377_r22611,/Users/raj030/DATA/gmrt_40_014/work/casa_selfcal/3c468.1_scan05_stk1,3c468.1_scan05_stk1,3c468p1_int0132,scan05,132,1,final,5.0,10000.0,10000.0,204.0,1.0,103.34753379199537,51.293308332999004,51.1503760409978,nan,nan,0.024483415996655822,18.58108901977539,0.019636427983641624,23.58023745508399,946.2560622153175,10000.0,204.0
20260519_135646_p61377_r22611,/Users/raj030/DATA/gmrt_40_014/work/casa_selfcal/3c468.1_scan05_stk1,3c468.1_scan05_stk1,3c468p1_int0133,scan05,133,1,sc1,1.0,300.0,300.0,10.0,1.0,100.1959667080082,2.94208358299511,2.6335001249972265,0.11696670899982564,0.05393966700648889,0.02406870799313765,18.607498168945312,0.1955072283744812,22.584447154775262,95.17549976875472,300.0,10.0
20260519_135646_p61377_r22611,/Users/raj030/DATA/gmrt_40_014/work/casa_selfcal/3c468.1_scan05_stk1,3c468.1_scan05_stk1,3c468p1_int0133,scan05,133,1,sc2,2.0,1000.0,1000.0,24.0,1.0,100.1959667080082,6.344387667006231,6.042921667001792,0.11086225000326522,0.05486833299801219,0.02011037500051316,18.534385681152344,0.0954929068684578,22.628162395209074,194.0917528742067,1000.0,24.0
20260519_135646_p61377_r22611,/Users/raj030/DATA/gmrt_40_014/work/casa_selfcal/3c468.1_scan05_stk1,3c468.1_scan05_stk1,3c468p1_int0133,scan05,133,1,sc3,3.0,2000.0,2000.0,44.0,1.0,100.1959667080082,11.02455462499347,10.73333379199903,0.10740441600501072,0.050052958002197556,0.02056179200008046,18.479387283325195,0.06077302247285843,20.731296572368592,304.07221052035374,2000.0,44.0
20260519_135646_p61377_r22611,/Users/raj030/DATA/gmrt_40_014/work/casa_selfcal/3c468.1_scan05_stk1,3c468.1_scan05_stk1,3c468p1_int0133,scan05,133,1,sc4,4.0,6000.0,6000.0,124.0,1.0,100.1959667080082,30.66821250000794,30.344844791994547,0.12117266599670984,0.0631070420058677,0.027101958010462113,18.454090118408203,0.02470293454825878,15.635203835554421,747.0404004980438,6000.0,124.0
20260519_135646_p61377_r22611,/Users/raj030/DATA/gmrt_40_014/work/casa_selfcal/3c468.1_scan05_stk1,3c468.1_scan05_stk1,3c468p1_int0133,scan05,133,1,final,5.0,10000.0,10000.0,204.0,1.0,100.1959667080082,49.08291849998932,48.958997084002476,nan,nan,0.020496999990427867,18.45238494873047,0.01532069593667984,13.43830546317622,1204.4090571990882,10000.0,204.0
20260519_135646_p61377_r22611,/Users/raj030/DATA/gmrt_40_014/work/casa_selfcal/3c468.1_scan05_stk1,3c468.1_scan05_stk1,3c468p1_int0134,scan05,134,1,sc1,1.0,300.0,300.0,10.0,1.0,99.59393408299366,2.718698790995404,2.4200518329889746,0.11551641699043103,0.054186875000596046,0.023308625008212402,18.09611701965332,0.2023620754480362,22.55598641000688,89.42444862550421,300.0,10.0
20260519_135646_p61377_r22611,/Users/raj030/DATA/gmrt_40_014/work/casa_selfcal/3c468.1_scan05_stk1,3c468.1_scan05_stk1,3c468p1_int0134,scan05,134,1,sc2,2.0,1000.0,1000.0,24.0,1.0,99.59393408299366,6.128082666997216,5.839699208008824,0.10503666700969916,0.04987083400192205,0.020919542002957314,17.967443466186523,0.09823352843523026,24.60516128409654,182.9054066609575,1000.0,24.0
20260519_135646_p61377_r22611,/Users/raj030/DATA/gmrt_40_014/work/casa_selfcal/3c468.1_scan05_stk1,3c468.1_scan05_stk1,3c468p1_int0134,scan05,134,1,sc3,3.0,2000.0,2000.0,44.0,1.0,99.59393408299366,10.84717079201073,10.564398041999084,0.10783712500415277,0.050150041992310435,0.020791167000425048,17.9290828704834,0.06193723902106285,24.233174732420594,289.4717806905519,2000.0,44.0
20260519_135646_p61377_r22611,/Users/raj030/DATA/gmrt_40_014/work/casa_selfcal/3c468.1_scan05_stk1,3c468.1_scan05_stk1,3c468p1_int0134,scan05,134,1,sc4,4.0,6000.0,6000.0,124.0,1.0,99.59393408299366,30.17889500000456,29.875492542007123,0.11580700000922661,0.05588275000627618,0.02008904199465178,17.895435333251953,0.026785384863615036,21.599312751321122,668.1044690741371,6000.0,124.0
20260519_135646_p61377_r22611,/Users/raj030/DATA/gmrt_40_014/work/casa_selfcal/3c468.1_scan05_stk1,3c468.1_scan05_stk1,3c468p1_int0134,scan05,134,1,final,5.0,10000.0,10000.0,204.0,1.0,99.59393408299366,49.5879665829998,49.463055667001754,nan,nan,0.021904458000790328,17.852157592773438,0.016990358009934425,20.36677533586044,1050.722861892322,10000.0,204.0
20260519_135646_p61377_r22611,/Users/raj030/DATA/gmrt_40_014/work/casa_selfcal/3c468.1_scan05_stk1,3c468.1_scan05_stk1,3c468p1_int0135,scan05,135,1,sc1,1.0,300.0,300.0,10.0,1.0,99.29298729200673,2.8236175409983844,2.5095795410015853,0.11400095799763221,0.0574486249970505,0.02083579199097585,18.58306121826172,0.17165429890155792,23.03600076586008,108.25864156725213,300.0,10.0
20260519_135646_p61377_r22611,/Users/raj030/DATA/gmrt_40_014/work/casa_selfcal/3c468.1_scan05_stk1,3c468.1_scan05_stk1,3c468p1_int0135,scan05,135,1,sc2,2.0,1000.0,1000.0,24.0,1.0,99.29298729200673,6.2128402090020245,5.927423875007662,0.10274354199646041,0.05311437499767635,0.02056191700103227,18.54063606262207,0.07181120663881302,24.116599421482533,258.1858310204343,1000.0,24.0
20260519_135646_p61377_r22611,/Users/raj030/DATA/gmrt_40_014/work/casa_selfcal/3c468.1_scan05_stk1,3c468.1_scan05_stk1,3c468p1_int0135,scan05,135,1,sc3,3.0,2000.0,2000.0,44.0,1.0,99.29298729200673,10.852180540998233,10.559544791001827,0.1070917499891948,0.05245249999279622,0.021314209006959572,18.527544021606445,0.040901441127061844,23.44993761787191,452.980225416751,2000.0,44.0
20260519_135646_p61377_r22611,/Users/raj030/DATA/gmrt_40_014/work/casa_selfcal/3c468.1_scan05_stk1,3c468.1_scan05_stk1,3c468p1_int0135,scan05,135,1,sc4,4.0,6000.0,6000.0,124.0,1.0,99.29298729200673,29.880586416998995,29.58088733399927,0.11137070799304638,0.05846462500630878,0.021125792001839727,18.488323211669922,0.014961883425712585,21.717406872310676,1235.6949112367104,6000.0,124.0
20260519_135646_p61377_r22611,/Users/raj030/DATA/gmrt_40_014/work/casa_selfcal/3c468.1_scan05_stk1,3c468.1_scan05_stk1,3c468p1_int0135,scan05,135,1,final,5.0,10000.0,10000.0,204.0,1.0,99.29298729200673,49.38748091600428,49.26404954200552,nan,nan,0.02054045799013693,18.497833251953125,0.009428796358406544,20.887504569313023,1961.8446033634816,10000.0,204.0
20260519_135646_p61377_r22611,/Users/raj030/DATA/gmrt_40_014/work/casa_selfcal/3c468.1_scan05_stk1,3c468.1_scan05_stk1,3c468p1_int0136,scan05,136,1,sc1,1.0,300.0,300.0,10.0,1.0,100.62888287499663,2.852275708995876,2.542132500006119,0.11959324999770615,0.05519445899699349,0.021978499993565492,18.394746780395508,0.17785492539405823,22.938543682917953,103.42556856179165,300.0,10.0
20260519_135646_p61377_r22611,/Users/raj030/DATA/gmrt_40_014/work/casa_selfcal/3c468.1_scan05_stk1,3c468.1_scan05_stk1,3c468p1_int0136,scan05,136,1,sc2,2.0,1000.0,1000.0,24.0,1.0,100.62888287499663,6.201502916999743,5.913869041993166,0.10273541700735223,0.05280000000493601,0.023397458004183136,18.345582962036133,0.07619485259056091,23.792065245565027,240.7719463756637,1000.0,24.0
20260519_135646_p61377_r22611,/Users/raj030/DATA/gmrt_40_014/work/casa_selfcal/3c468.1_scan05_stk1,3c468.1_scan05_stk1,3c468p1_int0136,scan05,136,1,sc3,3.0,2000.0,2000.0,44.0,1.0,100.62888287499663,10.985819957990316,10.695542333996855,0.10699487499368843,0.050266499994904734,0.02168474999780301,18.299039840698242,0.04491716995835304,23.506253778468817,407.3952089516105,2000.0,44.0
20260519_135646_p61377_r22611,/Users/raj030/DATA/gmrt_40_014/work/casa_selfcal/3c468.1_scan05_stk1,3c468.1_scan05_stk1,3c468p1_int0136,scan05,136,1,sc4,4.0,6000.0,6000.0,124.0,1.0,100.62888287499663,30.730609874997754,30.42689333400631,0.11367129199788906,0.059427458996651694,0.024330083004315384,18.274078369140625,0.018258513882756233,21.73254534706939,1000.8524508886285,6000.0,124.0
20260519_135646_p61377_r22611,/Users/raj030/DATA/gmrt_40_014/work/casa_selfcal/3c468.1_scan05_stk1,3c468.1_scan05_stk1,3c468p1_int0136,scan05,136,1,final,5.0,10000.0,10000.0,204.0,1.0,100.62888287499663,49.72179558299831,49.59171175000665,nan,nan,0.02090345798933413,18.27271842956543,0.01193565409630537,20.84504562744405,1530.9356556522253,10000.0,204.0
20260519_135646_p61377_r22611,/Users/raj030/DATA/gmrt_40_014/work/casa_selfcal/3c468.1_scan05_stk1,3c468.1_scan05_stk1,3c468p1_int0137,scan05,137,1,sc1,1.0,300.0,300.0,10.0,1.0,98.5327487080067,2.794388833004632,2.4888563330023317,0.10926050000125542,0.06322333398566116,0.01809687500644941,18.535263061523438,0.1776801347732544,22.55383945070207,104.31815062036688,300.0,10.0
20260519_135646_p61377_r22611,/Users/raj030/DATA/gmrt_40_014/work/casa_selfcal/3c468.1_scan05_stk1,3c468.1_scan05_stk1,3c468p1_int0137,scan05,137,1,sc2,2.0,1000.0,1000.0,24.0,1.0,98.5327487080067,6.140437458001543,5.8410314159991685,0.11352037500182632,0.054548374988371506,0.021986584004480392,18.4979190826416,0.07445941120386124,23.56551351957023,248.42956428968319,1000.0,24.0
20260519_135646_p61377_r22611,/Users/raj030/DATA/gmrt_40_014/work/casa_selfcal/3c468.1_scan05_stk1,3c468.1_scan05_stk1,3c468p1_int0137,scan05,137,1,sc3,3.0,2000.0,2000.0,44.0,1.0,98.5327487080067,11.130749000003561,10.781055625004228,0.1255678340094164,0.05352154199499637,0.04613770800642669,18.467708587646484,0.042582329362630844,23.354727811645716,433.6941840446444,2000.0,44.0
20260519_135646_p61377_r22611,/Users/raj030/DATA/gmrt_40_014/work/casa_selfcal/3c468.1_scan05_stk1,3c468.1_scan05_stk1,3c468p1_int0137,scan05,137,1,sc4,4.0,6000.0,6000.0,124.0,1.0,98.5327487080067,29.897349874998326,29.60651745799987,0.10311133299546782,0.058153583988314494,0.023345584006165154,18.44166374206543,0.014968481846153736,21.412078529247083,1232.0330098676075,6000.0,124.0
20260519_135646_p61377_r22611,/Users/raj030/DATA/gmrt_40_014/work/casa_selfcal/3c468.1_scan05_stk1,3c468.1_scan05_stk1,3c468p1_int0137,scan05,137,1,final,5.0,10000.0,10000.0,204.0,1.0,98.5327487080067,48.44019679201301,48.30990758299595,nan,nan,0.021296582999639213,18.448566436767578,0.009096662513911724,20.316404798359144,2028.0587972296196,10000.0,204.0
20260519_135646_p61377_r22611,/Users/raj030/DATA/gmrt_40_014/work/casa_selfcal/3c468.1_scan05_stk1,3c468.1_scan05_stk1,3c468p1_int0138,scan05,138,1,sc1,1.0,300.0,300.0,10.0,1.0,99.2935135000007,2.881417208001949,2.5770346249919385,0.11628179099352565,0.059714125003665686,0.01861808300600387,18.726133346557617,0.18835218250751495,22.913695812225342,99.42084608342924,300.0,10.0
20260519_135646_p61377_r22611,/Users/raj030/DATA/gmrt_40_014/work/casa_selfcal/3c468.1_scan05_stk1,3c468.1_scan05_stk1,3c468p1_int0138,scan05,138,1,sc2,2.0,1000.0,1000.0,24.0,1.0,99.2935135000007,6.315326791998814,6.023042750006425,0.10374950000550598,0.048537667011260055,0.02744725000229664,18.67477035522461,0.07561616599559784,23.03429198777303,246.9679612731463,1000.0,24.0
20260519_135646_p61377_r22611,/Users/raj030/DATA/gmrt_40_014/work/casa_selfcal/3c468.1_scan05_stk1,3c468.1_scan05_stk1,3c468p1_int0138,scan05,138,1,sc3,3.0,2000.0,2000.0,44.0,1.0,99.2935135000007,10.889771582995309,10.611640499992063,0.10155654200934805,0.04873349999252241,0.024321208999026567,18.67096710205078,0.042647626250982285,22.759653945919126,437.79616225699647,2000.0,44.0
20260519_135646_p61377_r22611,/Users/raj030/DATA/gmrt_40_014/work/casa_selfcal/3c468.1_scan05_stk1,3c468.1_scan05_stk1,3c468p1_int0138,scan05,138,1,sc4,4.0,6000.0,6000.0,124.0,1.0,99.2935135000007,29.81233624999004,29.51720616700186,0.11360487500496674,0.05658950000361074,0.020483250002143905,18.646894454956055,0.015732523053884506,22.250383238657378,1185.2450106756376,6000.0,124.0
20260519_135646_p61377_r22611,/Users/raj030/DATA/gmrt_40_014/work/casa_selfcal/3c468.1_scan05_stk1,3c468.1_scan05_stk1,3c468p1_int0138,scan05,138,1,final,5.0,10000.0,10000.0,204.0,1.0,99.2935135000007,49.269465334000415,49.136836999998195,nan,nan,0.02116024999122601,18.6328182220459,0.009736977517604828,21.738270171743352,1913.6141773314205,10000.0,204.0
20260519_135646_p61377_r22611,/Users/raj030/DATA/gmrt_40_014/work/casa_selfcal/3c468.1_scan05_stk1,3c468.1_scan05_stk1,3c468p1_int0139,scan05,139,1,sc1,1.0,300.0,300.0,10.0,1.0,99.33604841699707,2.797997290996136,2.5023447500134353,0.11400520800088998,0.05169779200514313,0.022377749992301688,18.504053115844727,0.1845087707042694,22.838404489681125,100.28820334781275,300.0,10.0
20260519_135646_p61377_r22611,/Users/raj030/DATA/gmrt_40_014/work/casa_selfcal/3c468.1_scan05_stk1,3c468.1_scan05_stk1,3c468p1_int0139,scan05,139,1,sc2,2.0,1000.0,1000.0,24.0,1.0,99.33604841699707,6.109139708001749,5.8210556660051225,0.10759566600609105,0.04811929199786391,0.022681957998429425,18.458532333374023,0.08132326602935791,23.336377364583313,226.9772628992845,1000.0,24.0
20260519_135646_p61377_r22611,/Users/raj030/DATA/gmrt_40_014/work/casa_selfcal/3c468.1_scan05_stk1,3c468.1_scan05_stk1,3c468p1_int0139,scan05,139,1,sc3,3.0,2000.0,2000.0,44.0,1.0,99.33604841699707,10.8707011660008,10.570328500005417,0.10788233300263528,0.04887137499463279,0.03072416700888425,18.417015075683594,0.04734529182314873,23.011160323396325,388.9935908406184,2000.0,44.0
20260519_135646_p61377_r22611,/Users/raj030/DATA/gmrt_40_014/work/casa_selfcal/3c468.1_scan05_stk1,3c468.1_scan05_stk1,3c468p1_int0139,scan05,139,1,sc4,4.0,6000.0,6000.0,124.0,1.0,99.33604841699707,30.180054166994523,29.88187941700744,0.11279450000438374,0.05865983299736399,0.02030895800271537,18.38530158996582,0.017671149224042892,21.54856114962604,1040.413464731047,6000.0,124.0
20260519_135646_p61377_r22611,/Users/raj030/DATA/gmrt_40_014/work/casa_selfcal/3c468.1_scan05_stk1,3c468.1_scan05_stk1,3c468p1_int0139,scan05,139,1,final,5.0,10000.0,10000.0,204.0,1.0,99.33604841699707,49.26542774999689,49.138677374998224,nan,nan,0.024344541991013102,18.384479522705078,0.010885661467909813,20.683265156345442,1688.8711427322326,10000.0,204.0
20260519_135646_p61377_r22611,/Users/raj030/DATA/gmrt_40_014/work/casa_selfcal/3c468.1_scan05_stk1,3c468.1_scan05_stk1,3c468p1_int0140,scan05,140,1,sc1,1.0,300.0,300.0,10.0,1.0,99.03163220900751,2.7528442080074456,2.45168658401235,0.10690949999843724,0.05443037499208003,0.022470041003543884,19.139751434326172,0.17641359567642212,22.493887124583125,108.49363032899296,300.0,10.0
20260519_135646_p61377_r22611,/Users/raj030/DATA/gmrt_40_014/work/casa_selfcal/3c468.1_scan05_stk1,3c468.1_scan05_stk1,3c468p1_int0140,scan05,140,1,sc2,2.0,1000.0,1000.0,24.0,1.0,99.03163220900751,6.116984999986016,5.834847374993842,0.10413449999759905,0.04874704100075178,0.020282249999581836,19.070720672607422,0.07808693498373032,23.191947447136045,244.2242185146705,1000.0,24.0
20260519_135646_p61377_r22611,/Users/raj030/DATA/gmrt_40_014/work/casa_selfcal/3c468.1_scan05_stk1,3c468.1_scan05_stk1,3c468p1_int0140,scan05,140,1,sc3,3.0,2000.0,2000.0,44.0,1.0,99.03163220900751,10.905039207995287,10.599572416002047,0.11855733300035354,0.05170283300685696,0.021431917004520074,19.04776382446289,0.04570843279361725,22.820351261645555,416.7231878298556,2000.0,44.0
20260519_135646_p61377_r22611,/Users/raj030/DATA/gmrt_40_014/work/casa_selfcal/3c468.1_scan05_stk1,3c468.1_scan05_stk1,3c468p1_int0140,scan05,140,1,sc4,4.0,6000.0,6000.0,124.0,1.0,99.03163220900751,30.266313750005793,29.960728125006426,0.11838466700282879,0.05845683401275892,0.021719208991271444,19.017715454101562,0.01688302308320999,21.821808091946878,1126.4401736804177,6000.0,124.0
20260519_135646_p61377_r22611,/Users/raj030/DATA/gmrt_40_014/work/casa_selfcal/3c468.1_scan05_stk1,3c468.1_scan05_stk1,3c468p1_int0140,scan05,140,1,final,5.0,10000.0,10000.0,204.0,1.0,99.03163220900751,48.86503108299803,48.7408091660036,nan,nan,0.02143229200737551,19.016002655029297,0.010269789025187492,21.368018759065308,1851.6449177671523,10000.0,204.0
20260519_135646_p61377_r22611,/Users/raj030/DATA/gmrt_40_014/work/casa_selfcal/3c468.1_scan05_stk1,3c468.1_scan05_stk1,3c468p1_int0141,scan05,141,1,sc1,1.0,300.0,300.0,10.0,1.0,98.85948754099081,2.7462379589997,2.436393500000122,0.12253383299685083,0.053800167006556876,0.023265083000296727,18.73592185974121,0.1866217702627182,23.055705204606056,100.39515664954617,300.0,10.0
20260519_135646_p61377_r22611,/Users/raj030/DATA/gmrt_40_014/work/casa_selfcal/3c468.1_scan05_stk1,3c468.1_scan05_stk1,3c468p1_int0141,scan05,141,1,sc2,2.0,1000.0,1000.0,24.0,1.0,98.85948754099081,6.171827124999254,5.8816414999892,0.10773870800039731,0.051136374997440726,0.020485624991124496,18.704973220825195,0.08235131204128265,24.068347726017237,227.1363109727797,1000.0,24.0
20260519_135646_p61377_r22611,/Users/raj030/DATA/gmrt_40_014/work/casa_selfcal/3c468.1_scan05_stk1,3c468.1_scan05_stk1,3c468p1_int0141,scan05,141,1,sc3,3.0,2000.0,2000.0,44.0,1.0,98.85948754099081,11.071528207990923,10.77456712500134,0.10992620899924077,0.05124795899610035,0.020371959006297402,18.685285568237305,0.04892214387655258,24.09108751360327,381.9392219479734,2000.0,44.0
20260519_135646_p61377_r22611,/Users/raj030/DATA/gmrt_40_014/work/casa_selfcal/3c468.1_scan05_stk1,3c468.1_scan05_stk1,3c468p1_int0141,scan05,141,1,sc4,4.0,6000.0,6000.0,124.0,1.0,98.85948754099081,30.050271333006094,29.76040612500219,0.10523250000551343,0.05672037501062732,0.022637542002485134,18.671581268310547,0.01990915834903717,22.776563889812678,937.838804683249,6000.0,124.0
20260519_135646_p61377_r22611,/Users/raj030/DATA/gmrt_40_014/work/casa_selfcal/3c468.1_scan05_stk1,3c468.1_scan05_stk1,3c468p1_int0141,scan05,141,1,final,5.0,10000.0,10000.0,204.0,1.0,98.85948754099081,48.68749804199615,48.5623050419963,nan,nan,0.021999415999744087,18.69803237915039,0.01283996645361185,21.74192529032007,1456.2368559686292,10000.0,204.0
20260519_135646_p61377_r22611,/Users/raj030/DATA/gmrt_40_014/work/casa_selfcal/3c468.1_scan05_stk1,3c468.1_scan05_stk1,3c468p1_int0142,scan05,142,1,sc1,1.0,300.0,300.0,10.0,1.0,98.03222745899984,2.694686875009211,2.3828694999974687,0.11345512499974575,0.05101666699920315,0.024925709003582597,18.83449363708496,0.18052047491073608,22.10351360589266,104.33439002638485,300.0,10.0
20260519_135646_p61377_r22611,/Users/raj030/DATA/gmrt_40_014/work/casa_selfcal/3c468.1_scan05_stk1,3c468.1_scan05_stk1,3c468p1_int0142,scan05,142,1,sc2,2.0,1000.0,1000.0,24.0,1.0,98.03222745899984,6.0056552500027465,5.720891582997865,0.10677962499903515,0.049755041996832006,0.022858041993458755,18.759977340698242,0.078231081366539,23.539475371595472,239.8020967242089,1000.0,24.0
20260519_135646_p61377_r22611,/Users/raj030/DATA/gmrt_40_014/work/casa_selfcal/3c468.1_scan05_stk1,3c468.1_scan05_stk1,3c468p1_int0142,scan05,142,1,sc3,3.0,2000.0,2000.0,44.0,1.0,98.03222745899984,10.82223345899547,10.540344666995225,0.10657491699384991,0.0491460420016665,0.02321841700177174,18.73781967163086,0.046308621764183044,23.62905626837164,404.6291804374849,2000.0,44.0
20260519_135646_p61377_r22611,/Users/raj030/DATA/gmrt_40_014/work/casa_selfcal/3c468.1_scan05_stk1,3c468.1_scan05_stk1,3c468p1_int0142,scan05,142,1,sc4,4.0,6000.0,6000.0,124.0,1.0,98.03222745899984,29.875378041993827,29.576425874998677,0.11405962498974986,0.05818266700953245,0.022706707997713238,18.74843978881836,0.016413489356637,22.14444318029564,1142.2580160407629,6000.0,124.0
20260519_135646_p61377_r22611,/Users/raj030/DATA/gmrt_40_014/work/casa_selfcal/3c468.1_scan05_stk1,3c468.1_scan05_stk1,3c468p1_int0142,scan05,142,1,final,5.0,10000.0,10000.0,204.0,1.0,98.03222745899984,48.50407512500533,48.37784358399222,nan,nan,0.021840332992724143,18.726852416992188,0.010258696973323822,21.52735292771831,1825.4611151580473,10000.0,204.0
20260519_135646_p61377_r22611,/Users/raj030/DATA/gmrt_40_014/work/casa_selfcal/3c468.1_scan05_stk1,3c468.1_scan05_stk1,3c468p1_int0143,scan05,143,1,sc1,1.0,300.0,300.0,10.0,1.0,98.87051287498616,2.76599562499905,2.4620011249935487,0.11439641700417269,0.05620824999641627,0.01802733300428372,19.14420509338379,0.19432257115840912,23.412087531760335,98.51766050263761,300.0,10.0
20260519_135646_p61377_r22611,/Users/raj030/DATA/gmrt_40_014/work/casa_selfcal/3c468.1_scan05_stk1,3c468.1_scan05_stk1,3c468p1_int0143,scan05,143,1,sc2,2.0,1000.0,1000.0,24.0,1.0,98.87051287498616,6.105831916996976,5.813174333990901,0.10477558299317025,0.05148420900513884,0.026485832990147173,19.080772399902344,0.08738961815834045,25.07123371772468,218.34140944900417,1000.0,24.0
20260519_135646_p61377_r22611,/Users/raj030/DATA/gmrt_40_014/work/casa_selfcal/3c468.1_scan05_stk1,3c468.1_scan05_stk1,3c468p1_int0143,scan05,143,1,sc3,3.0,2000.0,2000.0,44.0,1.0,98.87051287498616,10.88696216599783,10.600203249996412,0.1068879999947967,0.05111433299316559,0.02054895799665246,19.048877716064453,0.05045989900827408,25.60878416057676,377.5052683506351,2000.0,44.0
20260519_135646_p61377_r22611,/Users/raj030/DATA/gmrt_40_014/work/casa_selfcal/3c468.1_scan05_stk1,3c468.1_scan05_stk1,3c468p1_int0143,scan05,143,1,sc4,4.0,6000.0,6000.0,124.0,1.0,98.87051287498616,29.87000716700277,29.563059000007343,0.1181217500125058,0.05776987499848474,0.01974129199516028,19.037513732910156,0.01719941385090351,25.47639731527306,1106.8699141692023,6000.0,124.0
20260519_135646_p61377_r22611,/Users/raj030/DATA/gmrt_40_014/work/casa_selfcal/3c468.1_scan05_stk1,3c468.1_scan05_stk1,3c468p1_int0143,scan05,143,1,final,5.0,10000.0,10000.0,204.0,1.0,98.87051287498616,49.108406333005405,48.98590983300528,nan,nan,0.02086141600739211,19.044565200805664,0.009840146638453007,25.1819551345543,1935.3944509712821,10000.0,204.0
20260519_135646_p61377_r22611,/Users/raj030/DATA/gmrt_40_014/work/casa_selfcal/3c468.1_scan05_stk1,3c468.1_scan05_stk1,3c468p1_int0144,scan05,144,1,sc1,1.0,300.0,300.0,10.0,1.0,99.25978029200633,2.6939712909952505,2.397024124991731,0.10959429199283477,0.05194241600111127,0.025133250004728325,18.222244262695312,0.20959529280662537,24.71812092140317,86.94014077647884,300.0,10.0
20260519_135646_p61377_r22611,/Users/raj030/DATA/gmrt_40_014/work/casa_selfcal/3c468.1_scan05_stk1,3c468.1_scan05_stk1,3c468p1_int0144,scan05,144,1,sc2,2.0,1000.0,1000.0,24.0,1.0,99.25978029200633,6.040378374993452,5.755532167007914,0.10503937500470784,0.04883866700401995,0.02117712498875335,18.149232864379883,0.0835074856877327,26.39357845671475,217.3365982092551,1000.0,24.0
20260519_135646_p61377_r22611,/Users/raj030/DATA/gmrt_40_014/work/casa_selfcal/3c468.1_scan05_stk1,3c468.1_scan05_stk1,3c468p1_int0144,scan05,144,1,sc3,3.0,2000.0,2000.0,44.0,1.0,99.25978029200633,11.08276483399095,10.796152167007676,0.10708566699759103,0.0510439580102684,0.023285667004529387,18.17757225036621,0.04657958447933197,26.00792558118701,390.24762572607017,2000.0,44.0
20260519_135646_p61377_r22611,/Users/raj030/DATA/gmrt_40_014/work/casa_selfcal/3c468.1_scan05_stk1,3c468.1_scan05_stk1,3c468p1_int0144,scan05,144,1,sc4,4.0,6000.0,6000.0,124.0,1.0,99.25978029200633,30.35403149999911,30.040749125008006,0.12044225000136066,0.05970358400372788,0.02461858300375752,18.175479888916016,0.01544005237519741,24.163509092410095,1177.1643934390236,6000.0,124.0
20260519_135646_p61377_r22611,/Users/raj030/DATA/gmrt_40_014/work/casa_selfcal/3c468.1_scan05_stk1,3c468.1_scan05_stk1,3c468p1_int0144,scan05,144,1,final,5.0,10000.0,10000.0,204.0,1.0,99.25978029200633,48.955112625000766,48.82981966699299,nan,nan,0.02268416600418277,18.17572021484375,0.008890054188668728,23.331635351816658,2044.500497872166,10000.0,204.0
20260519_135646_p61377_r22611,/Users/raj030/DATA/gmrt_40_014/work/casa_selfcal/3c468.1_scan05_stk1,3c468.1_scan05_stk1,3c468p1_int0145,scan05,145,1,sc1,1.0,300.0,300.0,10.0,1.0,99.50255354199908,2.7887758330034558,2.499778208002681,0.10800074999860954,0.05266654200386256,0.021055457997135818,18.89679527282715,0.2114083468914032,23.73444191366434,89.38528469045787,300.0,10.0
20260519_135646_p61377_r22611,/Users/raj030/DATA/gmrt_40_014/work/casa_selfcal/3c468.1_scan05_stk1,3c468.1_scan05_stk1,3c468p1_int0145,scan05,145,1,sc2,2.0,1000.0,1000.0,24.0,1.0,99.50255354199908,6.151411124999868,5.864854291998199,0.10526583300088532,0.051845041001797654,0.02156704200024251,18.90030288696289,0.08485408872365952,24.089105333201587,222.73885880166193,1000.0,24.0
20260519_135646_p61377_r22611,/Users/raj030/DATA/gmrt_40_014/work/casa_selfcal/3c468.1_scan05_stk1,3c468.1_scan05_stk1,3c468p1_int0145,scan05,145,1,sc3,3.0,2000.0,2000.0,44.0,1.0,99.50255354199908,10.978400624997448,10.700540082994848,0.10399420799512882,0.049370166001608595,0.02014516700000968,18.861263275146484,0.048366907984018326,23.055416392628103,389.96214687485775,2000.0,44.0
20260519_135646_p61377_r22611,/Users/raj030/DATA/gmrt_40_014/work/casa_selfcal/3c468.1_scan05_stk1,3c468.1_scan05_stk1,3c468p1_int0145,scan05,145,1,sc4,4.0,6000.0,6000.0,124.0,1.0,99.50255354199908,30.313329416007036,30.011552208990906,0.12089862499851733,0.05757870900561102,0.01976775001094211,18.861921310424805,0.0168074332177639,20.338809492299333,1122.2368737713919,6000.0,124.0
20260519_135646_p61377_r22611,/Users/raj030/DATA/gmrt_40_014/work/casa_selfcal/3c468.1_scan05_stk1,3c468.1_scan05_stk1,3c468p1_int0145,scan05,145,1,final,5.0,10000.0,10000.0,204.0,1.0,99.50255354199908,49.1438602499984,49.01934108299611,nan,nan,0.019988332991488278,18.865375518798828,0.009574515745043755,19.058176808990538,1970.3738571388828,10000.0,204.0
20260519_135646_p61377_r22611,/Users/raj030/DATA/gmrt_40_014/work/casa_selfcal/3c468.1_scan05_stk1,3c468.1_scan05_stk1,3c468p1_int0146,scan05,146,1,sc1,1.0,300.0,300.0,10.0,1.0,99.90472587500699,2.7797027909982717,2.4723377089976566,0.11886716699518729,0.05307650000031572,0.02238500000385102,18.774580001831055,0.20853424072265625,23.469593085348606,90.03116196538983,300.0,10.0
20260519_135646_p61377_r22611,/Users/raj030/DATA/gmrt_40_014/work/casa_selfcal/3c468.1_scan05_stk1,3c468.1_scan05_stk1,3c468p1_int0146,scan05,146,1,sc2,2.0,1000.0,1000.0,24.0,1.0,99.90472587500699,6.137083791996702,5.854010625000228,0.10509270799229853,0.05067420800332911,0.017772708990378305,18.737903594970703,0.08184633404016495,23.593383314087987,228.9400474036545,1000.0,24.0
20260519_135646_p61377_r22611,/Users/raj030/DATA/gmrt_40_014/work/casa_selfcal/3c468.1_scan05_stk1,3c468.1_scan05_stk1,3c468p1_int0146,scan05,146,1,sc3,3.0,2000.0,2000.0,44.0,1.0,99.90472587500699,10.84557683300227,10.561849333011196,0.1043721669993829,0.050813584006391466,0.021103416991536506,18.73147964477539,0.04663318395614624,22.35905357543379,401.6770474516696,2000.0,44.0
20260519_135646_p61377_r22611,/Users/raj030/DATA/gmrt_40_014/work/casa_selfcal/3c468.1_scan05_stk1,3c468.1_scan05_stk1,3c468p1_int0146,scan05,146,1,sc4,4.0,6000.0,6000.0,124.0,1.0,99.90472587500699,30.18793137499597,29.88770283400663,0.1137735829979647,0.059422417005407624,0.021279791995766573,18.734113693237305,0.016193335875868797,19.563686912180856,1156.9026812538827,6000.0,124.0
20260519_135646_p61377_r22611,/Users/raj030/DATA/gmrt_40_014/work/casa_selfcal/3c468.1_scan05_stk1,3c468.1_scan05_stk1,3c468p1_int0146,scan05,146,1,final,5.0,10000.0,10000.0,204.0,1.0,99.90472587500699,49.821554084002855,49.69131179100077,nan,nan,0.023455792004824616,18.72684097290039,0.009748633950948715,18.47276401525596,1920.9707808423698,10000.0,204.0
20260519_135646_p61377_r22611,/Users/raj030/DATA/gmrt_40_014/work/casa_selfcal/3c468.1_scan05_stk1,3c468.1_scan05_stk1,3c468p1_int0147,scan05,147,1,sc1,1.0,300.0,300.0,10.0,1.0,99.94507241700194,2.7541334999987157,2.4506368750007823,0.11226991700823419,0.054927166987909004,0.022229125010198914,19.234195709228516,0.22025857865810394,23.501509411260486,87.32552360235088,300.0,10.0
20260519_135646_p61377_r22611,/Users/raj030/DATA/gmrt_40_014/work/casa_selfcal/3c468.1_scan05_stk1,3c468.1_scan05_stk1,3c468p1_int0147,scan05,147,1,sc2,2.0,1000.0,1000.0,24.0,1.0,99.94507241700194,6.162873749999562,5.865024917002302,0.10745429199596401,0.05320475000189617,0.027222375007113442,19.201473236083984,0.08484913408756256,23.954390609636903,226.30134582479604,1000.0,24.0
20260519_135646_p61377_r22611,/Users/raj030/DATA/gmrt_40_014/work/casa_selfcal/3c468.1_scan05_stk1,3c468.1_scan05_stk1,3c468p1_int0147,scan05,147,1,sc3,3.0,2000.0,2000.0,44.0,1.0,99.94507241700194,11.139362040994456,10.858088459004648,0.10395966698706616,0.051130583000485785,0.020197541991365142,19.201370239257812,0.04564570263028145,23.05157674010843,420.6610728458715,2000.0,44.0
20260519_135646_p61377_r22611,/Users/raj030/DATA/gmrt_40_014/work/casa_selfcal/3c468.1_scan05_stk1,3c468.1_scan05_stk1,3c468p1_int0147,scan05,147,1,sc4,4.0,6000.0,6000.0,124.0,1.0,99.94507241700194,30.228504250000697,29.92075562500395,0.11907716699352022,0.061361665997537784,0.023116374999517575,19.183380126953125,0.014822456054389477,20.03947746474296,1294.210625861307,6000.0,124.0
20260519_135646_p61377_r22611,/Users/raj030/DATA/gmrt_40_014/work/casa_selfcal/3c468.1_scan05_stk1,3c468.1_scan05_stk1,3c468p1_int0147,scan05,147,1,final,5.0,10000.0,10000.0,204.0,1.0,99.94507241700194,49.52228187498986,49.387577834000695,nan,nan,0.027191792003577575,19.191213607788086,0.008597352541983128,18.73818105418468,2232.2236425774513,10000.0,204.0
20260519_135646_p61377_r22611,/Users/raj030/DATA/gmrt_40_014/work/casa_selfcal/3c468.1_scan05_stk1,3c468.1_scan05_stk1,3c468p1_int0148,scan05,148,1,sc1,1.0,300.0,300.0,10.0,1.0,99.03843554100604,2.8701149170083227,2.558074417000171,0.11279320799803827,0.055282875007833354,0.022358125002938323,20.059722900390625,0.20080029964447021,23.215429972857237,99.89886935381894,300.0,10.0
20260519_135646_p61377_r22611,/Users/raj030/DATA/gmrt_40_014/work/casa_selfcal/3c468.1_scan05_stk1,3c468.1_scan05_stk1,3c468p1_int0148,scan05,148,1,sc2,2.0,1000.0,1000.0,24.0,1.0,99.03843554100604,6.14938354100741,5.8629519999958575,0.10554062500887085,0.049015208991477266,0.026924709003651515,20.022050857543945,0.07662545144557953,23.66394537407905,261.29765606358467,1000.0,24.0
20260519_135646_p61377_r22611,/Users/raj030/DATA/gmrt_40_014/work/casa_selfcal/3c468.1_scan05_stk1,3c468.1_scan05_stk1,3c468p1_int0148,scan05,148,1,sc3,3.0,2000.0,2000.0,44.0,1.0,99.03843554100604,10.839489874997525,10.548251542000799,0.1055589589959709,0.05109808300039731,0.019976166004198603,20.017555236816406,0.04087720811367035,23.213696322403848,489.69966787242595,2000.0,44.0
20260519_135646_p61377_r22611,/Users/raj030/DATA/gmrt_40_014/work/casa_selfcal/3c468.1_scan05_stk1,3c468.1_scan05_stk1,3c468p1_int0148,scan05,148,1,sc4,4.0,6000.0,6000.0,124.0,1.0,99.03843554100604,30.138913125003455,29.822423416000674,0.11982712500321213,0.06310625000332948,0.02688575000502169,20.009536743164062,0.013106578961014748,21.442069242242724,1526.6788383667486,6000.0,124.0
20260519_135646_p61377_r22611,/Users/raj030/DATA/gmrt_40_014/work/casa_selfcal/3c468.1_scan05_stk1,3c468.1_scan05_stk1,3c468p1_int0148,scan05,148,1,final,5.0,10000.0,10000.0,204.0,1.0,99.03843554100604,48.90718900000502,48.768720042004134,nan,nan,0.03216450000763871,20.016626358032227,0.007880252785980701,20.58144654543139,2540.0995249343573,10000.0,204.0
20260519_135646_p61377_r22611,/Users/raj030/DATA/gmrt_40_014/work/casa_selfcal/3c468.1_scan05_stk1,3c468.1_scan05_stk1,3c468p1_int0149,scan05,149,1,sc1,1.0,300.0,300.0,10.0,1.0,98.48558566599968,2.717225041007623,2.4225427090132143,0.10960587501176633,0.053468416997930035,0.0213930000027176,20.623125076293945,0.18616409599781036,22.923885950818658,110.77928300705476,300.0,10.0
20260519_135646_p61377_r22611,/Users/raj030/DATA/gmrt_40_014/work/casa_selfcal/3c468.1_scan05_stk1,3c468.1_scan05_stk1,3c468p1_int0149,scan05,149,1,sc2,2.0,1000.0,1000.0,24.0,1.0,98.48558566599968,6.064549334012554,5.786109708002186,0.10345758400217164,0.04835912499402184,0.020940125003107823,20.581829071044922,0.07125984877347946,23.557964243926108,288.8278522239131,1000.0,24.0
20260519_135646_p61377_r22611,/Users/raj030/DATA/gmrt_40_014/work/casa_selfcal/3c468.1_scan05_stk1,3c468.1_scan05_stk1,3c468p1_int0149,scan05,149,1,sc3,3.0,2000.0,2000.0,44.0,1.0,98.48558566599968,10.88530449999962,10.60878516700177,0.10451458299939986,0.05131783398974221,0.02004229101294186,20.578523635864258,0.03875605762004852,23.03223106940277,530.9756693420484,2000.0,44.0
20260519_135646_p61377_r22611,/Users/raj030/DATA/gmrt_40_014/work/casa_selfcal/3c468.1_scan05_stk1,3c468.1_scan05_stk1,3c468p1_int0149,scan05,149,1,sc4,4.0,6000.0,6000.0,124.0,1.0,98.48558566599968,29.56322941700637,29.259496375001618,0.11477050000394229,0.05832762499630917,0.021911083997110836,20.562358856201172,0.01258333120495081,21.05868183611892,1634.0950199348706,6000.0,124.0
20260519_135646_p61377_r22611,/Users/raj030/DATA/gmrt_40_014/work/casa_selfcal/3c468.1_scan05_stk1,3c468.1_scan05_stk1,3c468p1_int0149,scan05,149,1,final,5.0,10000.0,10000.0,204.0,1.0,98.48558566599968,49.1209584580065,48.99260808399413,nan,nan,0.01855120800610166,20.564393997192383,0.0076611097902059555,20.027468103333376,2684.257837354338,10000.0,204.0
20260519_135646_p61377_r22611,/Users/raj030/DATA/gmrt_40_014/work/casa_selfcal/3c468.1_scan05_stk1,3c468.1_scan05_stk1,3c468p1_int0150,scan05,150,1,sc1,1.0,300.0,300.0,10.0,1.0,99.31208616700314,2.803280749998521,2.5048077080136864,0.11151229198731016,0.05409295800200198,0.023710291992756538,19.864269256591797,0.20220838487148285,23.466178812086582,98.2366249016671,300.0,10.0
20260519_135646_p61377_r22611,/Users/raj030/DATA/gmrt_40_014/work/casa_selfcal/3c468.1_scan05_stk1,3c468.1_scan05_stk1,3c468p1_int0150,scan05,150,1,sc2,2.0,1000.0,1000.0,24.0,1.0,99.31208616700314,6.078848167002434,5.791105666998192,0.10383504199853633,0.04952216699894052,0.023232207997352816,19.801525115966797,0.07890581339597702,23.82640706282109,250.95140983587362,1000.0,24.0
20260519_135646_p61377_r22611,/Users/raj030/DATA/gmrt_40_014/work/casa_selfcal/3c468.1_scan05_stk1,3c468.1_scan05_stk1,3c468p1_int0150,scan05,150,1,sc3,3.0,2000.0,2000.0,44.0,1.0,99.31208616700314,10.907504374990822,10.59730141700129,0.11036354101088364,0.060633916000369936,0.020601625001290813,19.824909210205078,0.04219114035367966,22.85406979639083,469.88322771124314,2000.0,44.0
20260519_135646_p61377_r22611,/Users/raj030/DATA/gmrt_40_014/work/casa_selfcal/3c468.1_scan05_stk1,3c468.1_scan05_stk1,3c468p1_int0150,scan05,150,1,sc4,4.0,6000.0,6000.0,124.0,1.0,99.31208616700314,30.00253666700155,29.700702665999415,0.11015925000538118,0.062144083000021055,0.02275008399737999,19.834003448486328,0.01374123152345419,20.499681650777347,1443.3934407285624,6000.0,124.0
20260519_135646_p61377_r22611,/Users/raj030/DATA/gmrt_40_014/work/casa_selfcal/3c468.1_scan05_stk1,3c468.1_scan05_stk1,3c468p1_int0150,scan05,150,1,final,5.0,10000.0,10000.0,204.0,1.0,99.31208616700314,49.3793768750038,49.25228383298963,nan,nan,0.01940074999583885,19.83018684387207,0.0082146767526865,19.345608665433247,2413.99478529534,10000.0,204.0
20260519_135646_p61377_r22611,/Users/raj030/DATA/gmrt_40_014/work/casa_selfcal/3c468.1_scan05_stk1,3c468.1_scan05_stk1,3c468p1_int0151,scan05,151,1,sc1,1.0,300.0,300.0,10.0,1.0,98.54541412500839,2.803408458014019,2.4847630000003846,0.1293326659942977,0.05598249999457039,0.02588983300665859,20.526735305786133,0.19575481116771698,23.350654499605298,104.85941665157557,300.0,10.0
20260519_135646_p61377_r22611,/Users/raj030/DATA/gmrt_40_014/work/casa_selfcal/3c468.1_scan05_stk1,3c468.1_scan05_stk1,3c468p1_int0151,scan05,151,1,sc2,2.0,1000.0,1000.0,24.0,1.0,98.54541412500839,6.093591625001864,5.80056066600082,0.10885429200425278,0.05260870899655856,0.021940374994301237,20.5279598236084,0.07303788512945175,23.486124402843416,281.0590666367846,1000.0,24.0
20260519_135646_p61377_r22611,/Users/raj030/DATA/gmrt_40_014/work/casa_selfcal/3c468.1_scan05_stk1,3c468.1_scan05_stk1,3c468p1_int0151,scan05,151,1,sc3,3.0,2000.0,2000.0,44.0,1.0,98.54541412500839,10.784764750002068,10.503930249993573,0.10106674999406096,0.05067816599330399,0.021704124999814667,20.518733978271484,0.03822919726371765,23.11713258503005,536.7293965585118,2000.0,44.0
20260519_135646_p61377_r22611,/Users/raj030/DATA/gmrt_40_014/work/casa_selfcal/3c468.1_scan05_stk1,3c468.1_scan05_stk1,3c468p1_int0151,scan05,151,1,sc4,4.0,6000.0,6000.0,124.0,1.0,98.54541412500839,30.180238000000827,29.87573841700214,0.11580387499998324,0.06029616700834595,0.022487916008685715,20.507925033569336,0.011719422414898872,21.27764844626654,1749.9091941167392,6000.0,124.0
20260519_135646_p61377_r22611,/Users/raj030/DATA/gmrt_40_014/work/casa_selfcal/3c468.1_scan05_stk1,3c468.1_scan05_stk1,3c468p1_int0151,scan05,151,1,final,5.0,10000.0,10000.0,204.0,1.0,98.54541412500839,48.55759445799049,48.43041062500561,nan,nan,0.02150466598686762,20.499589920043945,0.006769364699721336,20.498479402973317,3028.2885956621335,10000.0,204.0
20260519_135646_p61377_r22611,/Users/raj030/DATA/gmrt_40_014/work/casa_selfcal/3c468.1_scan05_stk1,3c468.1_scan05_stk1,3c468p1_int0152,scan05,152,1,sc1,1.0,300.0,300.0,10.0,1.0,99.11373020900646,2.854633875002037,2.542783499986399,0.11171083399676718,0.058760874992003664,0.026075792004121467,19.788867950439453,0.2153950184583664,23.91268442571163,91.87244947479802,300.0,10.0
20260519_135646_p61377_r22611,/Users/raj030/DATA/gmrt_40_014/work/casa_selfcal/3c468.1_scan05_stk1,3c468.1_scan05_stk1,3c468p1_int0152,scan05,152,1,sc2,2.0,1000.0,1000.0,24.0,1.0,99.11373020900646,6.230766207998386,5.925625999996555,0.11159112499444745,0.05701624999346677,0.023122957994928584,19.74063491821289,0.07924041897058487,24.35250177141279,249.12330316603808,1000.0,24.0
20260519_135646_p61377_r22611,/Users/raj030/DATA/gmrt_40_014/work/casa_selfcal/3c468.1_scan05_stk1,3c468.1_scan05_stk1,3c468p1_int0152,scan05,152,1,sc3,3.0,2000.0,2000.0,44.0,1.0,99.11373020900646,10.734703249996528,10.456439542002045,0.10176283300097566,0.04915262499707751,0.020209875001455657,19.73027992248535,0.04116518795490265,23.73357836389914,479.2952711427019,2000.0,44.0
20260519_135646_p61377_r22611,/Users/raj030/DATA/gmrt_40_014/work/casa_selfcal/3c468.1_scan05_stk1,3c468.1_scan05_stk1,3c468p1_int0152,scan05,152,1,sc4,4.0,6000.0,6000.0,124.0,1.0,99.11373020900646,29.976065166003536,29.68274604200269,0.10325341600400861,0.060676916007651016,0.021946000008028932,19.751127243041992,0.01200660690665245,21.71955353091471,1645.021561595272,6000.0,124.0
20260519_135646_p61377_r22611,/Users/raj030/DATA/gmrt_40_014/work/casa_selfcal/3c468.1_scan05_stk1,3c468.1_scan05_stk1,3c468p1_int0152,scan05,152,1,final,5.0,10000.0,10000.0,204.0,1.0,99.11373020900646,49.18299729199498,49.050557750000735,nan,nan,0.02448179198836442,19.753997802734375,0.0068142530508339405,20.705873671919107,2898.9234264373035,10000.0,204.0
20260519_135646_p61377_r22611,/Users/raj030/DATA/gmrt_40_014/work/casa_selfcal/3c468.1_scan05_stk1,3c468.1_scan05_stk1,3c468p1_int0153,scan05,153,1,sc1,1.0,300.0,300.0,10.0,1.0,99.94105700000364,2.8372622080059955,2.5374508750101086,0.10764333400584292,0.05748108300031163,0.023143832993810065,20.911636352539062,0.19119597971439362,22.75653962418437,109.3727827529461,300.0,10.0
20260519_135646_p61377_r22611,/Users/raj030/DATA/gmrt_40_014/work/casa_selfcal/3c468.1_scan05_stk1,3c468.1_scan05_stk1,3c468p1_int0153,scan05,153,1,sc2,2.0,1000.0,1000.0,24.0,1.0,99.94105700000364,6.07095195799775,5.785130249991198,0.10738775000208989,0.05159658400225453,0.022014125002897345,20.936790466308594,0.07321523874998093,23.10054999263957,285.96219617345776,1000.0,24.0
20260519_135646_p61377_r22611,/Users/raj030/DATA/gmrt_40_014/work/casa_selfcal/3c468.1_scan05_stk1,3c468.1_scan05_stk1,3c468p1_int0153,scan05,153,1,sc3,3.0,2000.0,2000.0,44.0,1.0,99.94105700000364,10.809113125011208,10.518688750002184,0.10912625001219567,0.0480987089977134,0.021643708998453803,20.938159942626953,0.0393688790500164,22.95370182953775,531.8454690067745,2000.0,44.0
20260519_135646_p61377_r22611,/Users/raj030/DATA/gmrt_40_014/work/casa_selfcal/3c468.1_scan05_stk1,3c468.1_scan05_stk1,3c468p1_int0153,scan05,153,1,sc4,4.0,6000.0,6000.0,124.0,1.0,99.94105700000364,30.49590491699928,30.186844208001276,0.11938383299275301,0.05571529200824443,0.024096665991237387,20.915489196777344,0.011964836157858372,21.771063185064122,1748.079866771956,6000.0,124.0
20260519_135646_p61377_r22611,/Users/raj030/DATA/gmrt_40_014/work/casa_selfcal/3c468.1_scan05_stk1,3c468.1_scan05_stk1,3c468p1_int0153,scan05,153,1,final,5.0,10000.0,10000.0,204.0,1.0,99.94105700000364,49.598084541998105,49.47514933299681,nan,nan,0.022373582993168384,20.923076629638672,0.006732530426234007,21.10998978529824,3107.7581986276246,10000.0,204.0
20260519_135646_p61377_r22611,/Users/raj030/DATA/gmrt_40_014/work/casa_selfcal/3c468.1_scan05_stk1,3c468.1_scan05_stk1,3c468p1_int0154,scan05,154,1,sc1,1.0,300.0,300.0,10.0,1.0,98.53544416700606,2.7793937499955064,2.4918441670015454,0.10505262500373647,0.05401233299926389,0.02139183398685418,20.332754135131836,0.20329289138317108,23.33304599672556,100.01704435797609,300.0,10.0
20260519_135646_p61377_r22611,/Users/raj030/DATA/gmrt_40_014/work/casa_selfcal/3c468.1_scan05_stk1,3c468.1_scan05_stk1,3c468p1_int0154,scan05,154,1,sc2,2.0,1000.0,1000.0,24.0,1.0,98.53544416700606,6.137236709007993,5.837689041989506,0.11435387498931959,0.05041054100729525,0.02136774999962654,20.467275619506836,0.07535925507545471,22.923374712932855,271.59604482573025,1000.0,24.0
20260519_135646_p61377_r22611,/Users/raj030/DATA/gmrt_40_014/work/casa_selfcal/3c468.1_scan05_stk1,3c468.1_scan05_stk1,3c468p1_int0154,scan05,154,1,sc3,3.0,2000.0,2000.0,44.0,1.0,98.53544416700606,10.858379874989623,10.569002083997475,0.10362249999889173,0.05231304100016132,0.023094834003131837,20.475919723510742,0.03960411995649338,22.754505766090006,517.0148900166022,2000.0,44.0
20260519_135646_p61377_r22611,/Users/raj030/DATA/gmrt_40_014/work/casa_selfcal/3c468.1_scan05_stk1,3c468.1_scan05_stk1,3c468p1_int0154,scan05,154,1,sc4,4.0,6000.0,6000.0,124.0,1.0,98.53544416700606,30.032803250011057,29.715507375003654,0.1181676249980228,0.060991917009232566,0.02212762499402743,20.473796844482422,0.011783530004322529,21.873036964447238,1737.4926560183628,6000.0,124.0
20260519_135646_p61377_r22611,/Users/raj030/DATA/gmrt_40_014/work/casa_selfcal/3c468.1_scan05_stk1,3c468.1_scan05_stk1,3c468p1_int0154,scan05,154,1,final,5.0,10000.0,10000.0,204.0,1.0,98.53544416700606,48.58095558300556,48.45158850000007,nan,nan,0.023348707996774465,20.469701766967773,0.006707387510687113,21.36733322381042,3051.8143963432394,10000.0,204.0
20260519_135646_p61377_r22611,/Users/raj030/DATA/gmrt_40_014/work/casa_selfcal/3c468.1_scan05_stk1,3c468.1_scan05_stk1,3c468p1_int0155,scan05,155,1,sc1,1.0,300.0,300.0,10.0,1.0,99.20621312499861,2.8131652910087723,2.5182484999968437,0.10739908300456591,0.053171625011600554,0.022679792004055344,20.022415161132812,0.20203754305839539,22.842329028993845,99.10244827787125,300.0,10.0
20260519_135646_p61377_r22611,/Users/raj030/DATA/gmrt_40_014/work/casa_selfcal/3c468.1_scan05_stk1,3c468.1_scan05_stk1,3c468p1_int0155,scan05,155,1,sc2,2.0,1000.0,1000.0,24.0,1.0,99.20621312499861,6.322721792006632,6.023660999999265,0.11614741600351408,0.05502554199483711,0.019319457991514355,20.164718627929688,0.07287634909152985,22.686824241653085,276.6977061735569,1000.0,24.0
20260519_135646_p61377_r22611,/Users/raj030/DATA/gmrt_40_014/work/casa_selfcal/3c468.1_scan05_stk1,3c468.1_scan05_stk1,3c468p1_int0155,scan05,155,1,sc3,3.0,2000.0,2000.0,44.0,1.0,99.20621312499861,11.020278999989387,10.735522082992247,0.10941354199894704,0.049817708000773564,0.02078287499898579,20.191850662231445,0.03883358836174011,22.527083558263257,519.9584049287857,2000.0,44.0
20260519_135646_p61377_r22611,/Users/raj030/DATA/gmrt_40_014/work/casa_selfcal/3c468.1_scan05_stk1,3c468.1_scan05_stk1,3c468p1_int0155,scan05,155,1,sc4,4.0,6000.0,6000.0,124.0,1.0,99.20621312499861,29.70899383300275,29.4030833329889,0.11163804099487606,0.05907820799620822,0.023220749993924983,20.190128326416016,0.011780478060245514,21.633379328763112,1713.8632424901132,6000.0,124.0
20260519_135646_p61377_r22611,/Users/raj030/DATA/gmrt_40_014/work/casa_selfcal/3c468.1_scan05_stk1,3c468.1_scan05_stk1,3c468p1_int0155,scan05,155,1,final,5.0,10000.0,10000.0,204.0,1.0,99.20621312499861,49.212603709005634,49.08112579199951,nan,nan,0.02272120899579022,20.185413360595703,0.006625608541071415,21.210495630919468,3046.5750029553597,10000.0,204.0
20260519_135646_p61377_r22611,/Users/raj030/DATA/gmrt_40_014/work/casa_selfcal/3c468.1_scan05_stk1,3c468.1_scan05_stk1,3c468p1_int0156,scan05,156,1,sc1,1.0,300.0,300.0,10.0,1.0,99.6586698339961,2.803612208997947,2.5019780000002356,0.11169383399828803,0.056688083001063205,0.023853749997215346,19.773950576782227,0.19554950296878815,22.86941739730537,101.11992245737575,300.0,10.0
20260519_135646_p61377_r22611,/Users/raj030/DATA/gmrt_40_014/work/casa_selfcal/3c468.1_scan05_stk1,3c468.1_scan05_stk1,3c468p1_int0156,scan05,156,1,sc2,2.0,1000.0,1000.0,24.0,1.0,99.6586698339961,6.1750166669953614,5.890088917003595,0.10515154100721702,0.04992000000493135,0.02244179199624341,19.891088485717773,0.06946956366300583,23.462894487660378,286.32810452371166,1000.0,24.0
20260519_135646_p61377_r22611,/Users/raj030/DATA/gmrt_40_014/work/casa_selfcal/3c468.1_scan05_stk1,3c468.1_scan05_stk1,3c468p1_int0156,scan05,156,1,sc3,3.0,2000.0,2000.0,44.0,1.0,99.6586698339961,10.88780266699905,10.604509875003714,0.10438941699976567,0.05339770799037069,0.01875179099442903,19.91502571105957,0.038091301918029785,23.860872474033386,522.8234454657265,2000.0,44.0
20260519_135646_p61377_r22611,/Users/raj030/DATA/gmrt_40_014/work/casa_selfcal/3c468.1_scan05_stk1,3c468.1_scan05_stk1,3c468p1_int0156,scan05,156,1,sc4,4.0,6000.0,6000.0,124.0,1.0,99.6586698339961,30.323744459004956,30.03114354200079,0.10574804099451285,0.06054587499238551,0.021616416997858323,19.913118362426758,0.01277376152575016,23.76112682989333,1558.907947536411,6000.0,124.0
20260519_135646_p61377_r22611,/Users/raj030/DATA/gmrt_40_014/work/casa_selfcal/3c468.1_scan05_stk1,3c468.1_scan05_stk1,3c468p1_int0156,scan05,156,1,final,5.0,10000.0,10000.0,204.0,1.0,99.6586698339961,49.33454458300548,49.20237645799352,nan,nan,0.026026999999885447,19.91351318359375,0.007810508366674185,23.50001338252332,2549.579649457975,10000.0,204.0
20260519_135646_p61377_r22611,/Users/raj030/DATA/gmrt_40_014/work/casa_selfcal/3c468.1_scan05_stk1,3c468.1_scan05_stk1,3c468p1_int0157,scan05,157,1,sc1,1.0,300.0,300.0,10.0,1.0,99.7211072499922,2.841923708008835,2.5465549580112565,0.10669158399105072,0.055349000002024695,0.022879833006300032,20.283567428588867,0.18982142210006714,22.437383484095335,106.85605030340615,300.0,10.0
20260519_135646_p61377_r22611,/Users/raj030/DATA/gmrt_40_014/work/casa_selfcal/3c468.1_scan05_stk1,3c468.1_scan05_stk1,3c468p1_int0157,scan05,157,1,sc2,2.0,1000.0,1000.0,24.0,1.0,99.7211072499922,6.134065250007552,5.8451807079982245,0.1068446249992121,0.050921792004373856,0.022917084002983756,20.43092918395996,0.06969001889228821,22.533124978654087,293.16865612474123,1000.0,24.0
20260519_135646_p61377_r22611,/Users/raj030/DATA/gmrt_40_014/work/casa_selfcal/3c468.1_scan05_stk1,3c468.1_scan05_stk1,3c468p1_int0157,scan05,157,1,sc3,3.0,2000.0,2000.0,45.0,1.0,99.7211072499922,11.150406207991182,10.847411415990791,0.11800233299436513,0.051389917003689334,0.025555374988471158,20.46491813659668,0.03707428276538849,22.322279796469957,551.9976816841391,2000.0,45.0
20260519_135646_p61377_r22611,/Users/raj030/DATA/gmrt_40_014/work/casa_selfcal/3c468.1_scan05_stk1,3c468.1_scan05_stk1,3c468p1_int0157,scan05,157,1,sc4,4.0,6000.0,6000.0,125.0,1.0,99.7211072499922,30.66583654200076,30.350818124992657,0.12035583300166763,0.0629145409911871,0.024145250004949048,20.457740783691406,0.011726324446499348,21.070254044025205,1744.5995867698034,6000.0,125.0
20260519_135646_p61377_r22611,/Users/raj030/DATA/gmrt_40_014/work/casa_selfcal/3c468.1_scan05_stk1,3c468.1_scan05_stk1,3c468p1_int0157,scan05,157,1,final,5.0,10000.0,10000.0,205.0,1.0,99.7211072499922,48.80307654199714,48.663278334002825,nan,nan,0.02610949998779688,20.47948455810547,0.006789705716073513,20.60508266481338,3016.255109499614,10000.0,205.0
20260519_135646_p61377_r22611,/Users/raj030/DATA/gmrt_40_014/work/casa_selfcal/3c468.1_scan05_stk1,3c468.1_scan05_stk1,3c468p1_int0158,scan05,158,1,sc1,1.0,300.0,300.0,10.0,1.0,99.84640666599444,2.813913042002241,2.520082500006538,0.10908045798714738,0.05641104200913105,0.021336250007152557,20.95921516418457,0.1891656070947647,22.576262729242444,110.79823381258099,300.0,10.0
20260519_135646_p61377_r22611,/Users/raj030/DATA/gmrt_40_014/work/casa_selfcal/3c468.1_scan05_stk1,3c468.1_scan05_stk1,3c468p1_int0158,scan05,158,1,sc2,2.0,1000.0,1000.0,25.0,1.0,99.84640666599444,6.608318792001228,6.3087643750041025,0.10814120799477678,0.05184474999259692,0.026207458999124356,21.014122009277344,0.070363849401474,22.86113051092252,298.6494085816336,1000.0,25.0
20260519_135646_p61377_r22611,/Users/raj030/DATA/gmrt_40_014/work/casa_selfcal/3c468.1_scan05_stk1,3c468.1_scan05_stk1,3c468p1_int0158,scan05,158,1,sc3,3.0,2000.0,2000.0,45.0,1.0,99.84640666599444,11.209788749998552,10.904768790991511,0.10718045898829587,0.0662973750004312,0.02081795799313113,21.019052505493164,0.03738998994231224,22.785240289289504,562.1572120752842,2000.0,45.0
20260519_135646_p61377_r22611,/Users/raj030/DATA/gmrt_40_014/work/casa_selfcal/3c468.1_scan05_stk1,3c468.1_scan05_stk1,3c468p1_int0158,scan05,158,1,sc4,4.0,6000.0,6000.0,125.0,1.0,99.84640666599444,29.900782833006815,29.609498999998323,0.10515699999814387,0.05823233300179709,0.021580917004030198,21.00567054748535,0.01162033062428236,21.89045886718668,1807.6654810140228,6000.0,125.0
20260519_135646_p61377_r22611,/Users/raj030/DATA/gmrt_40_014/work/casa_selfcal/3c468.1_scan05_stk1,3c468.1_scan05_stk1,3c468p1_int0158,scan05,158,1,final,5.0,10000.0,10000.0,205.0,1.0,99.84640666599444,49.17892591599957,49.042271500002244,nan,nan,0.02512841699353885,21.010568618774414,0.006655562203377485,21.509583446604665,3156.843550814118,10000.0,205.0
20260519_135646_p61377_r22611,/Users/raj030/DATA/gmrt_40_014/work/casa_selfcal/3c468.1_scan05_stk1,3c468.1_scan05_stk1,3c468p1_int0159,scan05,159,1,sc1,1.0,300.0,300.0,10.0,1.0,99.26291583299462,2.7003712089936016,2.4014489999972284,0.10785549999854993,0.05507854200550355,0.023886416995082982,20.76340103149414,0.18892355263233185,22.493286710232496,109.9037189497608,300.0,10.0
20260519_135646_p61377_r22611,/Users/raj030/DATA/gmrt_40_014/work/casa_selfcal/3c468.1_scan05_stk1,3c468.1_scan05_stk1,3c468p1_int0159,scan05,159,1,sc2,2.0,1000.0,1000.0,25.0,1.0,99.26291583299462,6.308373459003633,6.023423125006957,0.09905225000693463,0.053815209001186304,0.02212283300468698,20.868526458740234,0.068643718957901,22.97932702349499,304.01217730552804,1000.0,25.0
20260519_135646_p61377_r22611,/Users/raj030/DATA/gmrt_40_014/work/casa_selfcal/3c468.1_scan05_stk1,3c468.1_scan05_stk1,3c468p1_int0159,scan05,159,1,sc3,3.0,2000.0,2000.0,45.0,1.0,99.26291583299462,10.942026584001724,10.655233208002755,0.10399016601149924,0.053860208005062304,0.02361933299107477,20.87326431274414,0.036348626017570496,23.106405450263992,574.2518108567364,2000.0,45.0
20260519_135646_p61377_r22611,/Users/raj030/DATA/gmrt_40_014/work/casa_selfcal/3c468.1_scan05_stk1,3c468.1_scan05_stk1,3c468p1_int0159,scan05,159,1,sc4,4.0,6000.0,6000.0,125.0,1.0,99.26291583299462,29.95955437498924,29.668219707993558,0.10071324999444187,0.05851412499032449,0.02373658299620729,20.856945037841797,0.011486933566629887,22.207544663688168,1815.7104258382985,6000.0,125.0
20260519_135646_p61377_r22611,/Users/raj030/DATA/gmrt_40_014/work/casa_selfcal/3c468.1_scan05_stk1,3c468.1_scan05_stk1,3c468p1_int0159,scan05,159,1,final,5.0,10000.0,10000.0,205.0,1.0,99.26291583299462,49.21594666699821,49.08251774999371,nan,nan,0.021694915994885378,20.86872673034668,0.006639695260673761,21.745714279531967,3143.024779156661,10000.0,205.0
20260519_135646_p61377_r22611,/Users/raj030/DATA/gmrt_40_014/work/casa_selfcal/3c468.1_scan05_stk1,3c468.1_scan05_stk1,3c468p1_int0160,scan05,160,1,sc1,1.0,300.0,300.0,10.0,1.0,100.60087275000114,2.7632554580050055,2.4562947079975856,0.11212887500005309,0.05938070800038986,0.02266099999542348,20.76932144165039,0.2135320007801056,23.357603857293725,97.26561529781456,300.0,10.0
20260519_135646_p61377_r22611,/Users/raj030/DATA/gmrt_40_014/work/casa_selfcal/3c468.1_scan05_stk1,3c468.1_scan05_stk1,3c468p1_int0160,scan05,160,1,sc2,2.0,1000.0,1000.0,24.0,1.0,100.60087275000114,6.091279540996766,5.797919500007993,0.10569979100546334,0.053304999993997626,0.02329637500224635,20.96358871459961,0.0730537623167038,23.599992730189115,286.9611098702615,1000.0,24.0
20260519_135646_p61377_r22611,/Users/raj030/DATA/gmrt_40_014/work/casa_selfcal/3c468.1_scan05_stk1,3c468.1_scan05_stk1,3c468p1_int0160,scan05,160,1,sc3,3.0,2000.0,2000.0,45.0,1.0,100.60087275000114,11.268568500003312,10.958311875001527,0.11396225000498816,0.05829837500641588,0.02675966700189747,20.995098114013672,0.037802547216415405,23.788713494082913,555.3884502496368,2000.0,45.0
20260519_135646_p61377_r22611,/Users/raj030/DATA/gmrt_40_014/work/casa_selfcal/3c468.1_scan05_stk1,3c468.1_scan05_stk1,3c468p1_int0160,scan05,160,1,sc4,4.0,6000.0,6000.0,125.0,1.0,100.60087275000114,30.8091907909984,30.48033670800214,0.12181579200841952,0.06300224999722559,0.028896750009153038,21.001415252685547,0.011781022883951664,22.61492645565886,1782.647861697483,6000.0,125.0
20260519_135646_p61377_r22611,/Users/raj030/DATA/gmrt_40_014/work/casa_selfcal/3c468.1_scan05_stk1,3c468.1_scan05_stk1,3c468p1_int0160,scan05,160,1,final,5.0,10000.0,10000.0,205.0,1.0,100.60087275000114,49.53345558299043,49.39923395799997,nan,nan,0.023087792011210695,21.019750595092773,0.006746308878064156,22.012764353014063,3115.740914774771,10000.0,205.0
20260519_135646_p61377_r22611,/Users/raj030/DATA/gmrt_40_014/work/casa_selfcal/3c468.1_scan05_stk1,3c468.1_scan05_stk1,3c468p1_int0161,scan05,161,1,sc1,1.0,300.0,300.0,10.0,1.0,99.88463516600314,2.7450213330012048,2.4332605410018004,0.11422337499971036,0.05614908300049137,0.019267208001110703,20.820003509521484,0.21205002069473267,23.23502531275153,98.1843974422147,300.0,10.0
20260519_135646_p61377_r22611,/Users/raj030/DATA/gmrt_40_014/work/casa_selfcal/3c468.1_scan05_stk1,3c468.1_scan05_stk1,3c468p1_int0161,scan05,161,1,sc2,2.0,1000.0,1000.0,24.0,1.0,99.88463516600314,6.199797958994168,5.898557042004541,0.10573237499920651,0.054208375004236586,0.023481541997171007,20.935998916625977,0.07210182398557663,23.805917869787663,290.36711915657014,1000.0,24.0
20260519_135646_p61377_r22611,/Users/raj030/DATA/gmrt_40_014/work/casa_selfcal/3c468.1_scan05_stk1,3c468.1_scan05_stk1,3c468p1_int0161,scan05,161,1,sc3,3.0,2000.0,2000.0,45.0,1.0,99.88463516600314,11.107857958995737,10.81856566600618,0.10271037499478552,0.05525466699327808,0.025238874994101934,20.959697723388672,0.03746992349624634,23.74942052620463,559.3739129328186,2000.0,45.0
20260519_135646_p61377_r22611,/Users/raj030/DATA/gmrt_40_014/work/casa_selfcal/3c468.1_scan05_stk1,3c468.1_scan05_stk1,3c468p1_int0161,scan05,161,1,sc4,4.0,6000.0,6000.0,125.0,1.0,99.88463516600314,30.28454204100126,29.97877795799286,0.11532024999905843,0.06198029100778513,0.021219417001702823,20.972326278686523,0.011651348322629929,22.771470951265655,1799.9913570477374,6000.0,125.0
20260519_135646_p61377_r22611,/Users/raj030/DATA/gmrt_40_014/work/casa_selfcal/3c468.1_scan05_stk1,3c468.1_scan05_stk1,3c468p1_int0161,scan05,161,1,final,5.0,10000.0,10000.0,205.0,1.0,99.88463516600314,49.420204458001535,49.28826874999504,nan,nan,0.021002791996579617,20.971878051757812,0.006713171489536762,22.26404652436031,3123.9896201735437,10000.0,205.0
20260519_135646_p61377_r22611,/Users/raj030/DATA/gmrt_40_014/work/casa_selfcal/3c468.1_scan05_stk1,3c468.1_scan05_stk1,3c468p1_int0162,scan05,162,1,sc1,1.0,300.0,300.0,10.0,1.0,100.85297233299934,2.769922374995076,2.46689204100403,0.11617429200850893,0.05852791700453963,0.020652124992921017,20.69359588623047,0.20977608859539032,23.528491105884314,98.64611369574938,300.0,10.0
20260519_135646_p61377_r22611,/Users/raj030/DATA/gmrt_40_014/work/casa_selfcal/3c468.1_scan05_stk1,3c468.1_scan05_stk1,3c468p1_int0162,scan05,162,1,sc2,2.0,1000.0,1000.0,24.0,1.0,100.85297233299934,6.045797124999808,5.7652061249973485,0.10493083299661521,0.0491775420086924,0.019882665990735404,20.8278751373291,0.07350452244281769,24.047835459467024,283.35501606084165,1000.0,24.0
20260519_135646_p61377_r22611,/Users/raj030/DATA/gmrt_40_014/work/casa_selfcal/3c468.1_scan05_stk1,3c468.1_scan05_stk1,3c468p1_int0162,scan05,162,1,sc3,3.0,2000.0,2000.0,45.0,1.0,100.85297233299934,11.078770749998512,10.78961041700677,0.10366058300132863,0.051181458999053575,0.017732166990754195,20.856414794921875,0.03780484199523926,23.767617551144212,551.6863368334753,2000.0,45.0
20260519_135646_p61377_r22611,/Users/raj030/DATA/gmrt_40_014/work/casa_selfcal/3c468.1_scan05_stk1,3c468.1_scan05_stk1,3c468p1_int0162,scan05,162,1,sc4,4.0,6000.0,6000.0,125.0,1.0,100.85297233299934,30.722585957992123,30.40488912499859,0.1172554160002619,0.06164083300973289,0.020097833999898285,20.858060836791992,0.011671475134789944,22.675435722223483,1787.097226006932,6000.0,125.0
20260519_135646_p61377_r22611,/Users/raj030/DATA/gmrt_40_014/work/casa_selfcal/3c468.1_scan05_stk1,3c468.1_scan05_stk1,3c468p1_int0162,scan05,162,1,final,5.0,10000.0,10000.0,205.0,1.0,100.85297233299934,50.11161412500951,49.97631737499614,nan,nan,0.025957000005291775,20.847702026367188,0.00677039148285985,21.988579474098515,3079.2461675437717,10000.0,205.0
20260519_135646_p61377_r22611,/Users/raj030/DATA/gmrt_40_014/work/casa_selfcal/3c468.1_scan05_stk1,3c468.1_scan05_stk1,3c468p1_int0163,scan05,163,1,sc1,1.0,300.0,300.0,10.0,1.0,99.92435745800321,2.817354583996348,2.511238457998843,0.11426141699485015,0.05595424999773968,0.02314775000559166,20.514101028442383,0.18289904296398163,22.880141561850905,112.16078934039163,300.0,10.0
20260519_135646_p61377_r22611,/Users/raj030/DATA/gmrt_40_014/work/casa_selfcal/3c468.1_scan05_stk1,3c468.1_scan05_stk1,3c468p1_int0163,scan05,163,1,sc2,2.0,1000.0,1000.0,25.0,1.0,99.92435745800321,6.337579833998461,6.029076916995109,0.11619891700684093,0.054385249997721985,0.020211874987580813,20.478412628173828,0.07102206349372864,23.709647042211145,288.33874462098817,1000.0,25.0
20260519_135646_p61377_r22611,/Users/raj030/DATA/gmrt_40_014/work/casa_selfcal/3c468.1_scan05_stk1,3c468.1_scan05_stk1,3c468p1_int0163,scan05,163,1,sc3,3.0,2000.0,2000.0,45.0,1.0,99.92435745800321,11.271775707995403,10.976956457991037,0.10568162499112077,0.05109141700086184,0.02288912500080187,20.441205978393555,0.038951631635427475,23.836908931145445,524.7843317506056,2000.0,45.0
20260519_135646_p61377_r22611,/Users/raj030/DATA/gmrt_40_014/work/casa_selfcal/3c468.1_scan05_stk1,3c468.1_scan05_stk1,3c468p1_int0163,scan05,163,1,sc4,4.0,6000.0,6000.0,125.0,1.0,99.92435745800321,30.371711500003585,30.054356042004656,0.11819895799271762,0.059750833999714814,0.026698792004026473,20.42518424987793,0.01197852659970522,23.09169187466614,1705.1499681422067,6000.0,125.0
20260519_135646_p61377_r22611,/Users/raj030/DATA/gmrt_40_014/work/casa_selfcal/3c468.1_scan05_stk1,3c468.1_scan05_stk1,3c468p1_int0163,scan05,163,1,final,5.0,10000.0,10000.0,205.0,1.0,99.92435745800321,48.99436450000212,48.858344790991396,nan,nan,0.0264855839923257,20.420103073120117,0.006941883359104395,22.871733618958388,2941.579686201269,10000.0,205.0
20260519_135646_p61377_r22611,/Users/raj030/DATA/gmrt_40_014/work/casa_selfcal/3c468.1_scan05_stk1,3c468.1_scan05_stk1,3c468p1_int0164,scan05,164,1,sc1,1.0,300.0,300.0,10.0,1.0,100.29458170899306,2.793652332999045,2.484950749989366,0.11641662500915118,0.05730108299758285,0.023301665991311893,21.176464080810547,0.2182479351758957,23.03340271115303,97.02939028377746,300.0,10.0
20260519_135646_p61377_r22611,/Users/raj030/DATA/gmrt_40_014/work/casa_selfcal/3c468.1_scan05_stk1,3c468.1_scan05_stk1,3c468p1_int0164,scan05,164,1,sc2,2.0,1000.0,1000.0,25.0,1.0,100.29458170899306,6.45880183299596,6.14541325000755,0.1080741659970954,0.05852766700263601,0.02187595899158623,21.205114364624023,0.07651430368423462,23.70127297565341,277.1392189901511,1000.0,25.0
20260519_135646_p61377_r22611,/Users/raj030/DATA/gmrt_40_014/work/casa_selfcal/3c468.1_scan05_stk1,3c468.1_scan05_stk1,3c468p1_int0164,scan05,164,1,sc3,3.0,2000.0,2000.0,45.0,1.0,100.29458170899306,11.279013499995926,10.982755459001055,0.10508325000409968,0.05236908400547691,0.020051083993166685,21.17265510559082,0.039108432829380035,23.94675729656592,541.3833685937157,2000.0,45.0
20260519_135646_p61377_r22611,/Users/raj030/DATA/gmrt_40_014/work/casa_selfcal/3c468.1_scan05_stk1,3c468.1_scan05_stk1,3c468p1_int0164,scan05,164,1,sc4,4.0,6000.0,6000.0,125.0,1.0,100.29458170899306,30.015976166003384,29.71516912500374,0.10345133401278872,0.06024395900021773,0.0209555830078898,21.15641975402832,0.011783461086452007,23.387547649326734,1795.4334128834896,6000.0,125.0
20260519_135646_p61377_r22611,/Users/raj030/DATA/gmrt_40_014/work/casa_selfcal/3c468.1_scan05_stk1,3c468.1_scan05_stk1,3c468p1_int0164,scan05,164,1,final,5.0,10000.0,10000.0,205.0,1.0,100.29458170899306,49.594293000001926,49.45987837499706,nan,nan,0.02242845800356008,21.15239143371582,0.006744273006916046,22.91546334757004,3136.348634170753,10000.0,205.0
20260519_135646_p61377_r22611,/Users/raj030/DATA/gmrt_40_014/work/casa_selfcal/3c468.1_scan05_stk1,3c468.1_scan05_stk1,3c468p1_int0165,scan05,165,1,sc1,1.0,300.0,300.0,10.0,1.0,100.0025105829991,2.8144969590066466,2.4978202909987886,0.12709387500945013,0.058618041992303915,0.026953958004014567,21.672264099121094,0.222018763422966,23.523222789168358,97.6145608821064,300.0,10.0
20260519_135646_p61377_r22611,/Users/raj030/DATA/gmrt_40_014/work/casa_selfcal/3c468.1_scan05_stk1,3c468.1_scan05_stk1,3c468p1_int0165,scan05,165,1,sc2,2.0,1000.0,1000.0,25.0,1.0,100.0025105829991,6.22397862499929,5.928823916998226,0.1066291250026552,0.05454150000878144,0.021015833001001738,21.68156623840332,0.07573441416025162,24.375608476344496,286.28420089875937,1000.0,25.0
20260519_135646_p61377_r22611,/Users/raj030/DATA/gmrt_40_014/work/casa_selfcal/3c468.1_scan05_stk1,3c468.1_scan05_stk1,3c468p1_int0165,scan05,165,1,sc3,3.0,2000.0,2000.0,45.0,1.0,100.0025105829991,11.09414708300028,10.791356542002177,0.10674408399790991,0.05210758298926521,0.02654166700085625,21.693204879760742,0.03938018158078194,24.266126445494592,550.8660450247218,2000.0,45.0
20260519_135646_p61377_r22611,/Users/raj030/DATA/gmrt_40_014/work/casa_selfcal/3c468.1_scan05_stk1,3c468.1_scan05_stk1,3c468p1_int0165,scan05,165,1,sc4,4.0,6000.0,6000.0,125.0,1.0,100.0025105829991,30.59829391700623,30.297446249998757,0.10701329199946485,0.05875137500697747,0.026397834008093923,21.678625106811523,0.012202351354062557,23.405447413679212,1776.5940741899724,6000.0,125.0
20260519_135646_p61377_r22611,/Users/raj030/DATA/gmrt_40_014/work/casa_selfcal/3c468.1_scan05_stk1,3c468.1_scan05_stk1,3c468p1_int0165,scan05,165,1,final,5.0,10000.0,10000.0,205.0,1.0,100.0025105829991,49.14168683299795,49.007359416995314,nan,nan,0.019960749996243976,21.679115295410156,0.00699320062994957,22.898670464695897,3100.027647221454,10000.0,205.0
20260519_135646_p61377_r22611,/Users/raj030/DATA/gmrt_40_014/work/casa_selfcal/3c468.1_scan05_stk1,3c468.1_scan05_stk1,3c468p1_int0166,scan05,166,1,sc1,1.0,300.0,300.0,10.0,1.0,98.7021375829936,2.7219222920102766,2.417685292006354,0.11178295900754165,0.05668083300406579,0.022729083997546695,21.418174743652344,0.23614180088043213,23.37318459711969,90.70048023601382,300.0,10.0
20260519_135646_p61377_r22611,/Users/raj030/DATA/gmrt_40_014/work/casa_selfcal/3c468.1_scan05_stk1,3c468.1_scan05_stk1,3c468p1_int0166,scan05,166,1,sc2,2.0,1000.0,1000.0,24.0,1.0,98.7021375829936,6.092980624991469,5.799117207992822,0.10625395800161641,0.05011650000233203,0.023504915996454656,21.52345085144043,0.07922513037919998,23.87023916002363,271.67453999029664,1000.0,24.0
20260519_135646_p61377_r22611,/Users/raj030/DATA/gmrt_40_014/work/casa_selfcal/3c468.1_scan05_stk1,3c468.1_scan05_stk1,3c468p1_int0166,scan05,166,1,sc3,3.0,2000.0,2000.0,44.0,1.0,98.7021375829936,10.981863332999637,10.682541542002582,0.10560624999925494,0.05420733398932498,0.020861249999143183,21.520875930786133,0.04320492222905159,23.853665228933096,498.1116692374277,2000.0,44.0
20260519_135646_p61377_r22611,/Users/raj030/DATA/gmrt_40_014/work/casa_selfcal/3c468.1_scan05_stk1,3c468.1_scan05_stk1,3c468p1_int0166,scan05,166,1,sc4,4.0,6000.0,6000.0,124.0,1.0,98.7021375829936,30.380862000005436,29.967358875001082,0.17190050000499468,0.07824862499546725,0.0358282910019625,21.523813247680664,0.014457105658948421,22.81710728572216,1488.8051422905808,6000.0,124.0
20260519_135646_p61377_r22611,/Users/raj030/DATA/gmrt_40_014/work/casa_selfcal/3c468.1_scan05_stk1,3c468.1_scan05_stk1,3c468p1_int0166,scan05,166,1,final,5.0,10000.0,10000.0,204.0,1.0,98.7021375829936,48.375030750001315,48.24375733399938,nan,nan,0.024372792002395727,21.51578712463379,0.008176185190677643,22.305579806037713,2631.51905477456,10000.0,204.0
20260519_135646_p61377_r22611,/Users/raj030/DATA/gmrt_40_014/work/casa_selfcal/3c468.1_scan05_stk1,3c468.1_scan05_stk1,3c468p1_int0167,scan05,167,1,sc1,1.0,300.0,300.0,10.0,1.0,98.56992954200541,2.7264307500008726,2.4314675410132622,0.10743062499386724,0.05649320800148416,0.024769750001723878,21.44055938720703,0.26844921708106995,23.554563419893384,79.86821351291972,300.0,10.0
20260519_135646_p61377_r22611,/Users/raj030/DATA/gmrt_40_014/work/casa_selfcal/3c468.1_scan05_stk1,3c468.1_scan05_stk1,3c468p1_int0167,scan05,167,1,sc2,2.0,1000.0,1000.0,24.0,1.0,98.56992954200541,6.197236292005982,5.8723167499993,0.11609054199652746,0.05449983298603911,0.025179333999403752,21.598318099975586,0.08228206634521484,24.039317321032286,262.49119716269314,1000.0,24.0
20260519_135646_p61377_r22611,/Users/raj030/DATA/gmrt_40_014/work/casa_selfcal/3c468.1_scan05_stk1,3c468.1_scan05_stk1,3c468p1_int0167,scan05,167,1,sc3,3.0,2000.0,2000.0,44.0,1.0,98.56992954200541,10.915890999996918,10.595855666993884,0.12249954200524371,0.057343125008628704,0.02732879199902527,21.613908767700195,0.04077502712607384,23.89789937250316,530.0771156048858,2000.0,44.0
20260519_135646_p61377_r22611,/Users/raj030/DATA/gmrt_40_014/work/casa_selfcal/3c468.1_scan05_stk1,3c468.1_scan05_stk1,3c468p1_int0167,scan05,167,1,sc4,4.0,6000.0,6000.0,124.0,1.0,98.56992954200541,29.792904457994155,29.50217400000838,0.10080454200215172,0.05795316700823605,0.02013874999829568,21.605030059814453,0.01243675872683525,22.668540341663174,1737.1913803551151,6000.0,124.0
20260519_135646_p61377_r22611,/Users/raj030/DATA/gmrt_40_014/work/casa_selfcal/3c468.1_scan05_stk1,3c468.1_scan05_stk1,3c468p1_int0167,scan05,167,1,final,5.0,10000.0,10000.0,204.0,1.0,98.56992954200541,48.81387258399627,48.679931749997195,nan,nan,0.02407316700555384,21.614517211914062,0.007149076089262962,22.032547987008,3023.4000788404564,10000.0,204.0
